<?xml version="1.0" encoding="UTF-8"?>
<beans xmlns="http://www.springframework.org/schema/beans"
	xmlns:xsi="http://www.w3.org/2001/XMLSchema-instance" 
	xmlns:context="http://www.springframework.org/schema/context"
	xmlns:mvc="http://www.springframework.org/schema/mvc"
	xmlns:tx="http://www.springframework.org/schema/tx"
	xsi:schemaLocation="
		http://www.springframework.org/schema/beans
    	http://www.springframework.org/schema/beans/spring-beans.xsd
    	http://www.springframework.org/schema/context
    	http://www.springframework.org/schema/context/spring-context.xsd
    	http://www.springframework.org/schema/mvc
        http://www.springframework.org/schema/mvc/spring-mvc.xsd
		http://www.springframework.org/schema/tx 
		http://www.springframework.org/schema/tx/spring-tx.xsd">

	<!-- Step 3: Enable component scanning -->
	<context:component-scan base-package="com.omer" />

	<!-- Step 4: Enable conversion, formatting and validation support -->
	<mvc:annotation-driven/>

	<!-- Step 5: Spring MVC view resolver Configuration -->
	<bean
		class="org.springframework.web.servlet.view.InternalResourceViewResolver">
		<property name="prefix" value="/WEB-INF/view/" />
		<property name="suffix" value=".jsp" />
	</bean>
	
	
   <!-- Step 1: Database DataSource / connection pool -->
	<bean id="myDataSource" class="com.mchange.v2.c3p0.ComboPooledDataSource"
          destroy-method="close">
        <property name="driverClass" value="oracle.jdbc.OracleDriver" />
        <property name="jdbcUrl" value="jdbc:oracle:thin:@localhost:1521/xe" />
        <property name="user" value="hr" />
        <property name="password" value="hr" /> 

        <!-- these are connection pool properties for C3P0 -->
        <property name="minPoolSize" value="5" />
        <property name="maxPoolSize" value="20" />
        <property name="maxIdleTime" value="30000" />
	</bean>  
	
    <!-- Step 2: Hibernate session factory -->
	<bean id="sessionFactory"
		class="org.springframework.orm.hibernate5.LocalSessionFactoryBean">
		<property name="dataSource" ref="myDataSource" />
		<property name="packagesToScan" value="com.omer.domain" />
		<property name="hibernateProperties">
		   <props>
		      <prop key="hibernate.dialect">org.hibernate.dialect.Oracle10gDialect</prop>
		      <prop key="hibernate.show_sql">true</prop>
		   </props>
		</property>
   </bean>	  

    <!-- Step 3: Hibernate transaction manager -->
	<bean id="myTransactionManager"
            class="org.springframework.orm.hibernate5.HibernateTransactionManager">
        <property name="sessionFactory" ref="sessionFactory"/>
    </bean>
    
    <!-- Step 4: Enable configuration of transaction annotations -->
	<tx:annotation-driven transaction-manager="myTransactionManager" />	
	
	<!-- Resource dosyalarını okuyacağımız folder -->
	<mvc:resources location="/resources/" mapping="/resources/**"></mvc:resources>
	
</beans>





